{
  "pools": [
    {
      "rolls": 1,
      "entries": [
        {
          "type": "minecraft:item",
          "name": "minecraft:polar_bear_spawn_egg",
          "functions": [
            {
              "function": "minecraft:set_nbt",
              "tag": "{display:{Name:'{\"translate\":\"bgcd.item.wreath\",\"color\":\"dark_green\",\"italic\":false}'},HideFlags:127,CustomModelData:4014014,wreath:1b,EntityTag:{id:\"minecraft:marker\",Tags:[\"spawn_BGCD\",\"spawn_BGCD_wreath\"]}}"
            }
          ]
        }
      ]
    }
  ]
}