{
	"credit": "Made by BronGhast014 with Blockbench",
	"texture_size": [64, 64],
	"textures": {
		"0": "bgcd:block/candy_cane",
		"particle": "bgcd:block/candy_cane"
	},
	"elements": [
		{
			"from": [0.10051, 18, 6],
			"to": [4.10051, 25, 10],
			"rotation": {"angle": 0, "axis": "y", "origin": [12.90813, 24.70711, 6]},
			"faces": {
				"north": {"uv": [1, 8.25, 2, 10], "texture": "#0"},
				"east": {"uv": [0, 8.25, 1, 10], "texture": "#0"},
				"south": {"uv": [3, 8.25, 4, 10], "texture": "#0"},
				"west": {"uv": [2, 8.25, 3, 10], "texture": "#0"},
				"up": {"uv": [2, 8.25, 1, 7.25], "texture": "#0"},
				"down": {"uv": [3, 7.25, 2, 8.25], "texture": "#0"}
			}
		},
		{
			"from": [12, -16, 6],
			"to": [16, -2, 10],
			"rotation": {"angle": 0, "axis": "y", "origin": [12, 0, 6]},
			"faces": {
				"north": {"uv": [1, 1, 2, 4.5], "texture": "#0"},
				"east": {"uv": [0, 1, 1, 4.5], "texture": "#0"},
				"south": {"uv": [3, 1, 4, 4.5], "texture": "#0"},
				"west": {"uv": [2, 1, 3, 4.5], "texture": "#0"},
				"up": {"uv": [2, 1, 1, 0], "texture": "#0"},
				"down": {"uv": [3, 0, 2, 1], "texture": "#0"}
			}
		},
		{
			"from": [12, -2, 6],
			"to": [16, 12, 10],
			"rotation": {"angle": 0, "axis": "y", "origin": [12, 16, 6]},
			"faces": {
				"north": {"uv": [1, 1, 2, 4.5], "texture": "#0"},
				"east": {"uv": [0, 1, 1, 4.5], "texture": "#0"},
				"south": {"uv": [3, 1, 4, 4.5], "texture": "#0"},
				"west": {"uv": [2, 1, 3, 4.5], "texture": "#0"},
				"up": {"uv": [2, 1, 1, 0], "texture": "#0"},
				"down": {"uv": [3, 0, 2, 1], "texture": "#0"}
			}
		},
		{
			"from": [12, 12, 6],
			"to": [16, 25, 10],
			"rotation": {"angle": 0, "axis": "y", "origin": [12, 16, 6]},
			"faces": {
				"north": {"uv": [5, 1, 6, 4.25], "texture": "#0"},
				"east": {"uv": [4, 1, 5, 4.25], "texture": "#0"},
				"south": {"uv": [7, 1, 8, 4.25], "texture": "#0"},
				"west": {"uv": [6, 1, 7, 4.25], "texture": "#0"},
				"up": {"uv": [6, 1, 5, 0], "texture": "#0"},
				"down": {"uv": [7, 0, 6, 1], "texture": "#0"}
			}
		},
		{
			"from": [8.34315, 21.82843, 6.01],
			"to": [12.34315, 28.82843, 9.99],
			"rotation": {"angle": 45, "axis": "z", "origin": [10.34315, 27.82843, 8]},
			"faces": {
				"north": {"uv": [5, 8.25, 6, 10], "texture": "#0"},
				"east": {"uv": [4, 8.25, 5, 10], "texture": "#0"},
				"south": {"uv": [7, 8.25, 8, 10], "texture": "#0"},
				"west": {"uv": [6, 8.25, 7, 10], "texture": "#0"},
				"up": {"uv": [6, 8.25, 5, 7.25], "texture": "#0"},
				"down": {"uv": [7, 7.25, 6, 8.25], "texture": "#0"}
			}
		},
		{
			"from": [5.05026, 25.94975, 6],
			"to": [11.05026, 29.94975, 10],
			"rotation": {"angle": 0, "axis": "z", "origin": [4.05026, 28.94975, 8]},
			"faces": {
				"north": {"uv": [1, 5.5, 2.5, 6.5], "texture": "#0"},
				"east": {"uv": [0, 5.5, 1, 6.5], "rotation": 270, "texture": "#0"},
				"south": {"uv": [3.5, 5.5, 5, 6.5], "texture": "#0"},
				"west": {"uv": [2.5, 5.5, 3.5, 6.5], "rotation": 270, "texture": "#0"},
				"up": {"uv": [2.5, 5.5, 1, 4.5], "texture": "#0"},
				"down": {"uv": [2.5, 5.5, 4, 4.5], "texture": "#0"}
			}
		},
		{
			"from": [1.42894, 23.7929, 6.01],
			"to": [5.42894, 30.7929, 9.99],
			"rotation": {"angle": -45, "axis": "z", "origin": [2.22183, 26, 8]},
			"faces": {
				"north": {"uv": [6, 5.5, 7, 7.25], "rotation": 180, "texture": "#0"},
				"east": {"uv": [5, 5.5, 6, 7.25], "rotation": 180, "texture": "#0"},
				"south": {"uv": [8, 5.5, 9, 7.25], "rotation": 180, "texture": "#0"},
				"west": {"uv": [7, 5.5, 8, 7.25], "rotation": 180, "texture": "#0"},
				"up": {"uv": [7, 5.5, 6, 4.5], "rotation": 180, "texture": "#0"},
				"down": {"uv": [8, 4.5, 7, 5.5], "rotation": 180, "texture": "#0"}
			}
		}
	],
	"display": {
		"thirdperson_righthand": {
			"rotation": [11, -90, 0],
			"translation": [0, 2.5, 0],
			"scale": [0.375, 0.375, 0.375]
		},
		"thirdperson_lefthand": {
			"rotation": [11, 90, 0],
			"translation": [0, 2.5, 0],
			"scale": [0.375, 0.375, 0.375]
		},
		"firstperson_righthand": {
			"rotation": [0, -56, 0],
			"translation": [0, 6.25, 0],
			"scale": [0.4, 0.4, 0.4]
		},
		"firstperson_lefthand": {
			"rotation": [0, 126, 0],
			"translation": [0, 6.25, 0],
			"scale": [0.4, 0.4, 0.4]
		},
		"ground": {
			"translation": [0, 3, 0],
			"scale": [0.25, 0.25, 0.25]
		},
		"gui": {
			"rotation": [23, 151, 14],
			"scale": [0.36, 0.36, 0.36]
		},
		"head": {
			"rotation": [0, -90, 0],
			"translation": [0, -9.75, -9.5],
			"scale": [1.6, 1.6, 1.6]
		},
		"fixed": {
			"rotation": [0, 0, 38],
			"translation": [-1, -0.5, 0],
			"scale": [0.5, 0.5, 0.5]
		}
	},
	"groups": [
		{
			"name": "candy cane",
			"origin": [2.22183, 26, 8],
			"color": 0,
			"children": [0, 1, 2, 3, 4, 5, 6]
		}
	]
}
