{
	"credit": "Made by BronGhast014 with Blockbench",
	"texture_size": [64, 64],
	"textures": {
		"0": "bgcd:block/wreath",
		"particle": "bgcd:block/wreath"
	},
	"elements": [
		{
			"from": [-2.5, 1, -1.5],
			"to": [17.5, 1, 17.5],
			"rotation": {"angle": 0, "axis": "x", "origin": [7.5, 2.33333, 4]},
			"faces": {
				"north": {"uv": [5, 0, 0, 0], "rotation": 180, "texture": "#0"},
				"east": {"uv": [0, 0, 0, 4.75], "rotation": 270, "texture": "#0"},
				"south": {"uv": [5, 0, 0, 0], "texture": "#0"},
				"west": {"uv": [0, 0, 0, 4.75], "rotation": 90, "texture": "#0"},
				"up": {"uv": [0, 0, 5, 4.75], "rotation": 180, "texture": "#0"},
				"down": {"uv": [5, 0, 10, 4.75], "texture": "#0"}
			}
		},
		{
			"from": [-2.5, 2.25, -1.5],
			"to": [17.5, 2.25, 17.5],
			"rotation": {"angle": 0, "axis": "x", "origin": [7.5, 3.58333, 4]},
			"faces": {
				"north": {"uv": [5, 0, 0, 0], "rotation": 180, "texture": "#0"},
				"east": {"uv": [0, 0, 0, 4.75], "rotation": 270, "texture": "#0"},
				"south": {"uv": [5, 0, 0, 0], "texture": "#0"},
				"west": {"uv": [0, 0, 0, 4.75], "rotation": 90, "texture": "#0"},
				"up": {"uv": [0, 4.75, 5, 9.5], "rotation": 180, "texture": "#0"},
				"down": {"uv": [5, 4.75, 10, 9.5], "texture": "#0"}
			}
		},
		{
			"from": [-0.5, 1, 12.5],
			"to": [15.5, 5, 12.5],
			"rotation": {"angle": 0, "axis": "x", "origin": [7.5, 2.33333, 18]},
			"faces": {
				"north": {"uv": [4, 9.5, 8, 10.5], "texture": "#0"},
				"east": {"uv": [0, 0, 1, 0], "rotation": 270, "texture": "#missing"},
				"south": {"uv": [0, 9.5, 4, 10.5], "texture": "#0"},
				"west": {"uv": [0, 0, 1, 0], "rotation": 90, "texture": "#missing"},
				"up": {"uv": [0, 0, 4, 0], "rotation": 180, "texture": "#missing"},
				"down": {"uv": [0, 0, 4, 0], "texture": "#missing"}
			}
		},
		{
			"from": [-0.5, 1, 2.5],
			"to": [15.5, 5, 2.5],
			"rotation": {"angle": 0, "axis": "x", "origin": [7.5, 2.33333, 8]},
			"faces": {
				"north": {"uv": [8, 9.5, 4, 10.5], "texture": "#0"},
				"east": {"uv": [0, 0, 1, 0], "rotation": 270, "texture": "#0"},
				"south": {"uv": [4, 10.5, 0, 9.5], "rotation": 180, "texture": "#0"},
				"west": {"uv": [0, 0, 1, 0], "rotation": 90, "texture": "#0"},
				"up": {"uv": [0, 0, 4, 0], "rotation": 180, "texture": "#0"},
				"down": {"uv": [0, 0, 4, 0], "texture": "#0"}
			}
		},
		{
			"from": [12.5, 0, 0.5],
			"to": [12.5, 4, 14.5],
			"rotation": {"angle": 0, "axis": "x", "origin": [7.5, 1.33333, 6]},
			"faces": {
				"north": {"uv": [0, 0, 0, 1], "rotation": 180, "texture": "#0"},
				"east": {"uv": [8, 9.5, 9, 13], "rotation": 270, "texture": "#0"},
				"south": {"uv": [0, 1, 0, 0], "texture": "#0"},
				"west": {"uv": [9, 9.5, 10, 13], "rotation": 270, "texture": "#0"},
				"up": {"uv": [0, 0, 0, 3.5], "rotation": 180, "texture": "#0"},
				"down": {"uv": [0, 0, 0, 3.5], "texture": "#0"}
			}
		},
		{
			"from": [2.5, 0, 0.5],
			"to": [2.5, 4, 14.5],
			"rotation": {"angle": 0, "axis": "x", "origin": [7.5, 1.33333, 6]},
			"faces": {
				"north": {"uv": [0, 0, 0, 1], "rotation": 180, "texture": "#missing"},
				"east": {"uv": [8, 9.5, 9, 13], "rotation": 270, "texture": "#0"},
				"south": {"uv": [0, 0, 0, 1], "texture": "#missing"},
				"west": {"uv": [9, 9.5, 10, 13], "rotation": 270, "texture": "#0"},
				"up": {"uv": [0, 0, 0, 3.5], "rotation": 180, "texture": "#missing"},
				"down": {"uv": [0, 0, 0, 3.5], "texture": "#missing"}
			}
		}
	],
	"display": {
		"head": {
			"translation": [1, 27.5, 0],
			"scale": [2, 2, 2]
		}
	}
}
