{
	"credit": "Made by BronGhast014 with Blockbench",
	"texture_size": [64, 64],
	"textures": {
		"0": "bgcd:block/coco_mug",
		"particle": "bgcd:block/coco_mug"
	},
	"elements": [
		{
			"name": "handel",
			"from": [8, 1, 0],
			"to": [8, 9, 4],
			"rotation": {"angle": 0, "axis": "y", "origin": [8, 5, 3]},
			"faces": {
				"north": {"uv": [2, 7.5, 2, 9.5], "texture": "#0"},
				"east": {"uv": [1, 7.5, 2, 9.5], "texture": "#0"},
				"south": {"uv": [1, 7.5, 1, 9.5], "texture": "#0"},
				"west": {"uv": [0, 7.5, 1, 9.5], "texture": "#0"},
				"up": {"uv": [1, 7.5, 1, 6.5], "rotation": 180, "texture": "#0"},
				"down": {"uv": [1, 6.5, 1, 7.5], "rotation": 180, "texture": "#0"}
			}
		},
		{
			"name": "mug",
			"from": [4, 0, 4],
			"to": [12, 9, 12],
			"rotation": {"angle": 0, "axis": "y", "origin": [8, 5, 3]},
			"faces": {
				"north": {"uv": [6, 2, 8, 4.25], "texture": "#0"},
				"east": {"uv": [4, 2, 6, 4.25], "texture": "#0"},
				"south": {"uv": [2, 2, 4, 4.25], "texture": "#0"},
				"west": {"uv": [0, 2, 2, 4.25], "texture": "#0"},
				"up": {"uv": [4, 2, 2, 0], "rotation": 180, "texture": "#0"},
				"down": {"uv": [6, 0, 4, 2], "rotation": 180, "texture": "#0"}
			}
		},
		{
			"from": [5, 9, 4],
			"to": [11, 10, 5],
			"rotation": {"angle": 0, "axis": "y", "origin": [8, 5, 3]},
			"faces": {
				"north": {"uv": [4, 7.25, 5.5, 7.5], "texture": "#0"},
				"east": {"uv": [3.75, 7.25, 4, 7.5], "texture": "#0"},
				"south": {"uv": [2.25, 7.25, 3.75, 7.5], "texture": "#0"},
				"west": {"uv": [2, 7.25, 2.25, 7.5], "texture": "#0"},
				"up": {"uv": [3.75, 7.25, 2.25, 7], "rotation": 180, "texture": "#0"},
				"down": {"uv": [5.25, 7, 3.75, 7.25], "rotation": 180, "texture": "#0"}
			}
		},
		{
			"from": [11, 9, 4],
			"to": [12, 10, 12],
			"rotation": {"angle": 0, "axis": "y", "origin": [8, 5, 3]},
			"faces": {
				"north": {"uv": [8.75, 6.25, 9, 6.5], "texture": "#0"},
				"east": {"uv": [6.75, 6.25, 8.75, 6.5], "texture": "#0"},
				"south": {"uv": [6.5, 6.25, 6.75, 6.5], "texture": "#0"},
				"west": {"uv": [4.5, 6.25, 6.5, 6.5], "texture": "#0"},
				"up": {"uv": [6.75, 6.25, 6.5, 4.25], "rotation": 180, "texture": "#0"},
				"down": {"uv": [7, 4.25, 6.75, 6.25], "rotation": 180, "texture": "#0"}
			}
		},
		{
			"from": [4, 9, 4],
			"to": [5, 10, 12],
			"rotation": {"angle": 0, "axis": "y", "origin": [8, 5, 3]},
			"faces": {
				"north": {"uv": [4.25, 6.25, 4.5, 6.5], "texture": "#0"},
				"east": {"uv": [2.25, 6.25, 4.25, 6.5], "texture": "#0"},
				"south": {"uv": [2, 6.25, 2.25, 6.5], "texture": "#0"},
				"west": {"uv": [0, 6.25, 2, 6.5], "texture": "#0"},
				"up": {"uv": [2.25, 6.25, 2, 4.25], "rotation": 180, "texture": "#0"},
				"down": {"uv": [2.5, 4.25, 2.25, 6.25], "rotation": 180, "texture": "#0"}
			}
		},
		{
			"from": [5, 9, 11],
			"to": [11, 10, 12],
			"rotation": {"angle": 0, "axis": "y", "origin": [8, 5, 3]},
			"faces": {
				"north": {"uv": [4, 6.75, 5.5, 7], "texture": "#0"},
				"east": {"uv": [3.75, 6.75, 4, 7], "texture": "#0"},
				"south": {"uv": [2.25, 6.75, 3.75, 7], "texture": "#0"},
				"west": {"uv": [2, 6.75, 2.25, 7], "texture": "#0"},
				"up": {"uv": [3.75, 6.75, 2.25, 6.5], "rotation": 180, "texture": "#0"},
				"down": {"uv": [5.25, 6.5, 3.75, 6.75], "rotation": 180, "texture": "#0"}
			}
		}
	],
	"gui_light": "front",
	"display": {
		"thirdperson_righthand": {
			"rotation": [30, 0, 0],
			"translation": [0, 1.75, -1.75],
			"scale": [0.55, 0.55, 0.55]
		},
		"thirdperson_lefthand": {
			"rotation": [30, 0, 0],
			"translation": [0, 1.75, -1.75],
			"scale": [0.55, 0.55, 0.55]
		},
		"firstperson_righthand": {
			"rotation": [11, 18, 11],
			"translation": [1.38, 3.2, -1.37],
			"scale": [0.68, 0.68, 0.68]
		},
		"firstperson_lefthand": {
			"rotation": [11, 18, 11],
			"translation": [1.38, 3.2, -1.37],
			"scale": [0.68, 0.68, 0.68]
		},
		"ground": {
			"translation": [0, 2, 0],
			"scale": [0.5, 0.5, 0.5]
		},
		"gui": {
			"rotation": [36, -65, 0],
			"translation": [0.25, 2, 0]
		},
		"head": {
			"translation": [0, -21.5, 0],
			"scale": [1.2, 1.2, 1.2]
		},
		"fixed": {
			"rotation": [0, 90, 0]
		}
	},
	"groups": [
		{
			"name": "mug",
			"origin": [8, 5, 13],
			"color": 0,
			"children": [
				0,
				1,
				{
					"name": "rim",
					"origin": [0, 0, 0],
					"color": 0,
					"children": [2, 3, 4, 5]
				}
			]
		}
	]
}
