{
	"credit": "Made by BronGhast014 with Blockbench",
	"texture_size": [32, 32],
	"textures": {
		"0": "bgcd:block/mini_tree",
		"particle": "bgcd:block/mini_tree"
	},
	"elements": [
		{
			"from": [7, 0, 7],
			"to": [9, 11, 9],
			"rotation": {"angle": 0, "axis": "y", "origin": [7, 0, 7]},
			"faces": {
				"north": {"uv": [13, 1, 14, 6.5], "texture": "#0"},
				"east": {"uv": [12, 1, 13, 6.5], "texture": "#0"},
				"south": {"uv": [15, 1, 16, 6.5], "texture": "#0"},
				"west": {"uv": [14, 1, 15, 6.5], "texture": "#0"},
				"up": {"uv": [14, 1, 13, 0], "texture": "#0"},
				"down": {"uv": [15, 0, 14, 1], "texture": "#0"}
			}
		},
		{
			"from": [7.5, 11, 7.5],
			"to": [8.5, 16, 8.5],
			"rotation": {"angle": 0, "axis": "y", "origin": [6.5, 4, 6.5]},
			"faces": {
				"north": {"uv": [10, 0.5, 10.5, 3], "texture": "#0"},
				"east": {"uv": [9.5, 0.5, 10, 3], "texture": "#0"},
				"south": {"uv": [11, 0.5, 11.5, 3], "texture": "#0"},
				"west": {"uv": [10.5, 0.5, 11, 3], "texture": "#0"},
				"up": {"uv": [10.5, 0.5, 10, 0], "texture": "#0"},
				"down": {"uv": [11, 0, 10.5, 0.5], "texture": "#0"}
			}
		},
		{
			"from": [8, 15, 6],
			"to": [8, 19, 10],
			"rotation": {"angle": 0, "axis": "y", "origin": [7, 15, 6]},
			"faces": {
				"north": {"uv": [2, 11, 2, 13], "texture": "#0"},
				"east": {"uv": [0, 11, 2, 13], "texture": "#0"},
				"south": {"uv": [4, 11, 4, 13], "texture": "#0"},
				"west": {"uv": [2, 11, 4, 13], "texture": "#0"},
				"up": {"uv": [2, 11, 2, 9], "texture": "#0"},
				"down": {"uv": [2, 9, 2, 11], "texture": "#0"}
			}
		},
		{
			"from": [6, 15, 8],
			"to": [10, 19, 8],
			"rotation": {"angle": 0, "axis": "y", "origin": [8, 17, 8]},
			"faces": {
				"north": {"uv": [0, 11, 2, 13], "texture": "#0"},
				"east": {"uv": [0, 11, 0, 13], "texture": "#missing"},
				"south": {"uv": [2, 11, 4, 13], "texture": "#0"},
				"west": {"uv": [2, 11, 2, 13], "texture": "#missing"},
				"up": {"uv": [2, 11, 0, 11], "texture": "#missing"},
				"down": {"uv": [4, 11, 2, 11], "texture": "#missing"}
			}
		},
		{
			"from": [5, 16, 2],
			"to": [11, 16, 8],
			"rotation": {"angle": -45, "axis": "x", "origin": [8, 16, 8]},
			"faces": {
				"north": {"uv": [0, 10.5, 3, 10.5], "texture": "#0"},
				"east": {"uv": [-3, 10.5, 0, 10.5], "texture": "#0"},
				"south": {"uv": [6, 10.5, 9, 10.5], "texture": "#0"},
				"west": {"uv": [3, 10.5, 6, 10.5], "texture": "#0"},
				"up": {"uv": [3, 10.5, 0, 7.5], "texture": "#0"},
				"down": {"uv": [6, 7.5, 3, 10.5], "texture": "#0"}
			}
		},
		{
			"from": [8, 16, 5],
			"to": [14, 16, 11],
			"rotation": {"angle": -45, "axis": "z", "origin": [8, 16, 8]},
			"faces": {
				"north": {"uv": [0, 10.5, 3, 10.5], "texture": "#missing"},
				"east": {"uv": [-3, 10.5, 0, 10.5], "texture": "#missing"},
				"south": {"uv": [6, 10.5, 9, 10.5], "texture": "#missing"},
				"west": {"uv": [3, 10.5, 6, 10.5], "texture": "#missing"},
				"up": {"uv": [3, 10.5, 0, 7.5], "rotation": 90, "texture": "#0"},
				"down": {"uv": [3, 10.5, 6, 7.5], "rotation": 90, "texture": "#0"}
			}
		},
		{
			"from": [5, 16, 8],
			"to": [11, 16, 14],
			"rotation": {"angle": 45, "axis": "x", "origin": [8, 16, 8]},
			"faces": {
				"north": {"uv": [0, 10.5, 3, 10.5], "texture": "#0"},
				"east": {"uv": [-3, 10.5, 0, 10.5], "texture": "#0"},
				"south": {"uv": [6, 10.5, 9, 10.5], "texture": "#0"},
				"west": {"uv": [3, 10.5, 6, 10.5], "texture": "#0"},
				"up": {"uv": [3, 10.5, 0, 7.5], "rotation": 180, "texture": "#0"},
				"down": {"uv": [6, 7.5, 3, 10.5], "rotation": 180, "texture": "#0"}
			}
		},
		{
			"from": [2, 16, 5],
			"to": [8, 16, 11],
			"rotation": {"angle": 45, "axis": "z", "origin": [8, 16, 8]},
			"faces": {
				"north": {"uv": [0, 10.5, 3, 10.5], "texture": "#0"},
				"east": {"uv": [-3, 10.5, 0, 10.5], "texture": "#0"},
				"south": {"uv": [6, 10.5, 9, 10.5], "texture": "#0"},
				"west": {"uv": [3, 10.5, 6, 10.5], "texture": "#0"},
				"up": {"uv": [3, 10.5, 0, 7.5], "rotation": 270, "texture": "#0"},
				"down": {"uv": [3, 10.5, 6, 7.5], "rotation": 270, "texture": "#0"}
			}
		},
		{
			"from": [5, 16, 2],
			"to": [11, 16, 8],
			"rotation": {"angle": -45, "axis": "x", "origin": [8, 16, 8]},
			"faces": {
				"north": {"uv": [0, 10.5, 3, 10.5], "texture": "#0"},
				"east": {"uv": [-3, 10.5, 0, 10.5], "texture": "#0"},
				"south": {"uv": [6, 10.5, 9, 10.5], "texture": "#0"},
				"west": {"uv": [3, 10.5, 6, 10.5], "texture": "#0"},
				"up": {"uv": [3, 10.5, 0, 7.5], "texture": "#0"},
				"down": {"uv": [6, 7.5, 3, 10.5], "texture": "#0"}
			}
		},
		{
			"from": [8, 16, 5],
			"to": [14, 16, 11],
			"rotation": {"angle": -45, "axis": "z", "origin": [8, 16, 8]},
			"faces": {
				"north": {"uv": [0, 10.5, 3, 10.5], "texture": "#missing"},
				"east": {"uv": [-3, 10.5, 0, 10.5], "texture": "#missing"},
				"south": {"uv": [6, 10.5, 9, 10.5], "texture": "#missing"},
				"west": {"uv": [3, 10.5, 6, 10.5], "texture": "#missing"},
				"up": {"uv": [3, 10.5, 0, 7.5], "rotation": 90, "texture": "#0"},
				"down": {"uv": [6, 7.5, 3, 10.5], "texture": "#0"}
			}
		},
		{
			"from": [5, 16, 8],
			"to": [11, 16, 14],
			"rotation": {"angle": 45, "axis": "x", "origin": [8, 16, 8]},
			"faces": {
				"north": {"uv": [0, 10.5, 3, 10.5], "texture": "#0"},
				"east": {"uv": [-3, 10.5, 0, 10.5], "texture": "#0"},
				"south": {"uv": [6, 10.5, 9, 10.5], "texture": "#0"},
				"west": {"uv": [3, 10.5, 6, 10.5], "texture": "#0"},
				"up": {"uv": [3, 10.5, 0, 7.5], "rotation": 180, "texture": "#0"},
				"down": {"uv": [6, 7.5, 3, 10.5], "texture": "#0"}
			}
		},
		{
			"from": [2, 16, 5],
			"to": [8, 16, 11],
			"rotation": {"angle": 45, "axis": "z", "origin": [8, 16, 8]},
			"faces": {
				"north": {"uv": [0, 10.5, 3, 10.5], "texture": "#0"},
				"east": {"uv": [-3, 10.5, 0, 10.5], "texture": "#0"},
				"south": {"uv": [6, 10.5, 9, 10.5], "texture": "#0"},
				"west": {"uv": [3, 10.5, 6, 10.5], "texture": "#0"},
				"up": {"uv": [3, 10.5, 0, 7.5], "rotation": 270, "texture": "#0"},
				"down": {"uv": [6, 7.5, 3, 10.5], "texture": "#0"}
			}
		},
		{
			"from": [8, 12, 4],
			"to": [15, 12, 12],
			"rotation": {"angle": -45, "axis": "z", "origin": [8, 12, 8]},
			"faces": {
				"north": {"uv": [5.5, 12.5, 9, 12.5], "texture": "#missing"},
				"east": {"uv": [1.5, 12.5, 5.5, 12.5], "texture": "#missing"},
				"south": {"uv": [13, 12.5, 16.5, 12.5], "texture": "#missing"},
				"west": {"uv": [9, 12.5, 13, 12.5], "texture": "#missing"},
				"up": {"uv": [4, 7.5, 0, 4], "rotation": 90, "texture": "#0"},
				"down": {"uv": [12.5, 8.5, 9, 12.5], "texture": "#0"}
			}
		},
		{
			"from": [4, 12, 1],
			"to": [12, 12, 8],
			"rotation": {"angle": -45, "axis": "x", "origin": [8, 12, 8]},
			"faces": {
				"north": {"uv": [0, 7.5, 4, 7.5], "texture": "#0"},
				"east": {"uv": [-3.5, 7.5, 0, 7.5], "texture": "#0"},
				"south": {"uv": [7.5, 7.5, 11.5, 7.5], "texture": "#0"},
				"west": {"uv": [4, 7.5, 7.5, 7.5], "texture": "#0"},
				"up": {"uv": [4, 7.5, 0, 4], "texture": "#0"},
				"down": {"uv": [8, 4, 4, 7.5], "texture": "#0"}
			}
		},
		{
			"from": [1, 12, 4],
			"to": [8, 12, 12],
			"rotation": {"angle": 45, "axis": "z", "origin": [8, 12, 8]},
			"faces": {
				"north": {"uv": [5.5, 13, 9, 13], "texture": "#0"},
				"east": {"uv": [1.5, 13, 5.5, 13], "texture": "#0"},
				"south": {"uv": [13, 13, 16.5, 13], "texture": "#0"},
				"west": {"uv": [9, 13, 13, 13], "texture": "#0"},
				"up": {"uv": [4, 7.5, 0, 4], "rotation": 270, "texture": "#0"},
				"down": {"uv": [4, 7.5, 8, 4], "rotation": 270, "texture": "#0"}
			}
		},
		{
			"from": [4, 12, 8],
			"to": [12, 12, 15],
			"rotation": {"angle": 45, "axis": "x", "origin": [8, 12, 8]},
			"faces": {
				"north": {"uv": [0, 7.5, 4, 7.5], "texture": "#0"},
				"east": {"uv": [-3.5, 7.5, 0, 7.5], "texture": "#0"},
				"south": {"uv": [7.5, 7.5, 11.5, 7.5], "texture": "#0"},
				"west": {"uv": [4, 7.5, 7.5, 7.5], "texture": "#0"},
				"up": {"uv": [4, 7.5, 0, 4], "rotation": 180, "texture": "#0"},
				"down": {"uv": [8, 4, 4, 7.5], "rotation": 180, "texture": "#0"}
			}
		},
		{
			"from": [4, 8, 8],
			"to": [12, 8, 16],
			"rotation": {"angle": 45, "axis": "x", "origin": [8, 8, 8]},
			"faces": {
				"north": {"uv": [0, 4, 4, 4], "texture": "#0"},
				"east": {"uv": [-4, 4, 0, 4], "texture": "#0"},
				"south": {"uv": [8, 4, 12, 4], "texture": "#0"},
				"west": {"uv": [4, 4, 8, 4], "texture": "#0"},
				"up": {"uv": [4, 4, 0, 0], "rotation": 180, "texture": "#0"},
				"down": {"uv": [8, 0, 4, 4], "texture": "#0"}
			}
		},
		{
			"from": [4, 8, 0],
			"to": [12, 8, 8],
			"rotation": {"angle": -45, "axis": "x", "origin": [8, 8, 8]},
			"faces": {
				"north": {"uv": [0, 4, 4, 4], "texture": "#0"},
				"east": {"uv": [-4, 4, 0, 4], "texture": "#0"},
				"south": {"uv": [8, 4, 12, 4], "texture": "#0"},
				"west": {"uv": [4, 4, 8, 4], "texture": "#0"},
				"up": {"uv": [4, 4, 0, 0], "texture": "#0"},
				"down": {"uv": [8, 0, 4, 4], "texture": "#0"}
			}
		},
		{
			"from": [8, 8, 4],
			"to": [16, 8, 12],
			"rotation": {"angle": -45, "axis": "z", "origin": [8, 8, 8]},
			"faces": {
				"north": {"uv": [0, 4, 4, 4], "texture": "#missing"},
				"east": {"uv": [-4, 4, 0, 4], "texture": "#missing"},
				"south": {"uv": [8, 4, 12, 4], "texture": "#missing"},
				"west": {"uv": [4, 4, 8, 4], "texture": "#missing"},
				"up": {"uv": [4, 4, 0, 0], "rotation": 90, "texture": "#0"},
				"down": {"uv": [8, 0, 4, 4], "texture": "#0"}
			}
		},
		{
			"from": [0, 8, 4],
			"to": [8, 8, 12],
			"rotation": {"angle": 45, "axis": "z", "origin": [8, 8, 8]},
			"faces": {
				"north": {"uv": [0, 4, 4, 4], "texture": "#missing"},
				"east": {"uv": [-4, 4, 0, 4], "texture": "#missing"},
				"south": {"uv": [8, 4, 12, 4], "texture": "#missing"},
				"west": {"uv": [4, 4, 8, 4], "texture": "#missing"},
				"up": {"uv": [4, 4, 0, 0], "rotation": 270, "texture": "#0"},
				"down": {"uv": [8, 0, 4, 4], "texture": "#0"}
			}
		},
		{
			"from": [4, 3, 8],
			"to": [12, 16, 8],
			"rotation": {"angle": 0, "axis": "y", "origin": [4, 3, 7]},
			"faces": {
				"north": {"uv": [8, 6.5, 12, 13], "texture": "#0"},
				"east": {"uv": [0, 0, 0, 7], "texture": "#0"},
				"south": {"uv": [8, 6.5, 12, 13], "texture": "#0"},
				"west": {"uv": [0, 0, 0, 7], "texture": "#0"},
				"up": {"uv": [0, 0, 4, 0], "texture": "#0"},
				"down": {"uv": [0, 0, 4, 0], "texture": "#0"}
			}
		},
		{
			"from": [8, 3, 4],
			"to": [8, 16, 12],
			"rotation": {"angle": 0, "axis": "y", "origin": [8, 9.5, 8]},
			"faces": {
				"north": {"uv": [0, 0, 0, 7], "texture": "#0"},
				"east": {"uv": [8, 6.5, 12, 13], "texture": "#0"},
				"south": {"uv": [0, 0, 0, 7], "texture": "#0"},
				"west": {"uv": [8, 6.5, 12, 13], "texture": "#0"},
				"up": {"uv": [0, 0, 4, 0], "rotation": 90, "texture": "#0"},
				"down": {"uv": [0, 0, 4, 0], "rotation": 270, "texture": "#0"}
			}
		},
		{
			"name": "star",
			"from": [6.5, 17, 8],
			"to": [9.5, 20, 8],
			"rotation": {"angle": 0, "axis": "y", "origin": [6.5, 17, 7]},
			"faces": {
				"north": {"uv": [5.5, 11.5, 7, 13], "texture": "#0"},
				"east": {"uv": [0, 0, 0, 1.5], "texture": "#missing"},
				"south": {"uv": [5.5, 11.5, 7, 13], "texture": "#0"},
				"west": {"uv": [0, 0, 0, 1.5], "texture": "#missing"},
				"up": {"uv": [0, 0, 1.5, 0], "texture": "#missing"},
				"down": {"uv": [0, 0, 1.5, 0], "texture": "#missing"}
			}
		},
		{
			"name": "star",
			"from": [8, 17, 6.5],
			"to": [8, 20, 9.5],
			"rotation": {"angle": 0, "axis": "y", "origin": [8, 18.5, 8]},
			"faces": {
				"north": {"uv": [0, 0, 0, 1.5], "texture": "#missing"},
				"east": {"uv": [5.5, 11.5, 7, 13], "texture": "#0"},
				"south": {"uv": [0, 0, 0, 1.5], "texture": "#missing"},
				"west": {"uv": [5.5, 11.5, 7, 13], "texture": "#0"},
				"up": {"uv": [0, 0, 1.5, 0], "rotation": 90, "texture": "#missing"},
				"down": {"uv": [0, 0, 1.5, 0], "rotation": 270, "texture": "#missing"}
			}
		}
	],
	"display": {
		"head": {
			"translation": [0, -16.75, 0],
			"scale": [1.6, 1.6, 1.6]
		}
	},
	"groups": [
		{
			"name": "tree",
			"origin": [8, 8, 8],
			"color": 0,
			"children": [
				{
					"name": "trunk",
					"origin": [6.5, 4, 6.5],
					"color": 0,
					"children": [0, 1]
				},
				{
					"name": "leaves",
					"origin": [8, 8, 8],
					"color": 0,
					"children": [
						{
							"name": "tip",
							"origin": [8, 8, 8],
							"color": 0,
							"children": [2, 3]
						},
						{
							"name": "top",
							"origin": [8, 16, 8],
							"color": 0,
							"children": [
								4,
								5,
								6,
								7,
								{
									"name": "top",
									"origin": [8, 16, 8],
									"color": 0,
									"children": [8, 9, 10, 11]
								}
							]
						},
						{
							"name": "middle",
							"origin": [8, 12, 8],
							"color": 0,
							"children": [12, 13, 14, 15]
						},
						{
							"name": "bottom",
							"origin": [8, 8, 8],
							"color": 0,
							"children": [16, 17, 18, 19]
						},
						20,
						21
					]
				},
				22,
				23
			]
		}
	]
}
