{
	"credit": "Made by BronGhast014 with Blockbench",
	"texture_size": [32, 32],
	"textures": {
		"0": "bgcd:block/mistletoe",
		"particle": "bgcd:block/mistletoe"
	},
	"elements": [
		{
			"from": [3, 0, 8],
			"to": [13, 10, 8],
			"faces": {
				"north": {"uv": [0, 0, 5, 5], "texture": "#0"},
				"east": {"uv": [0, 0, 0, 5], "texture": "#0"},
				"south": {"uv": [5, 0, 10, 5], "texture": "#0"},
				"west": {"uv": [5, 0, 5, 5], "texture": "#0"},
				"up": {"uv": [5, 0, 0, 0], "texture": "#0"},
				"down": {"uv": [10, 0, 5, 0], "texture": "#0"}
			}
		},
		{
			"from": [6.5, 10, 8],
			"to": [9.5, 20, 8],
			"faces": {
				"north": {"uv": [0, 5, 1.5, 10], "texture": "#0"},
				"east": {"uv": [0, 5, 0, 10], "texture": "#0"},
				"south": {"uv": [1.5, 5, 3, 10], "texture": "#0"},
				"west": {"uv": [1.5, 5, 1.5, 10], "texture": "#0"},
				"up": {"uv": [1.5, 5, 0, 5], "texture": "#0"},
				"down": {"uv": [3, 5, 1.5, 5], "texture": "#0"}
			}
		},
		{
			"from": [8, 10, 6.5],
			"to": [8, 20, 9.5],
			"rotation": {"angle": 0, "axis": "y", "origin": [8, 10, 8]},
			"faces": {
				"north": {"uv": [1.5, 5, 1.5, 10], "texture": "#0"},
				"east": {"uv": [0, 5, 1.5, 10], "texture": "#0"},
				"south": {"uv": [3, 5, 3, 10], "texture": "#0"},
				"west": {"uv": [1.5, 5, 3, 10], "texture": "#0"},
				"up": {"uv": [1.5, 5, 1.5, 3.5], "texture": "#0"},
				"down": {"uv": [1.5, 3.5, 1.5, 5], "texture": "#0"}
			}
		},
		{
			"from": [8, 0, 3],
			"to": [8, 10, 13],
			"rotation": {"angle": 0, "axis": "y", "origin": [8, 10, 8]},
			"faces": {
				"north": {"uv": [5, 0, 5, 5], "texture": "#0"},
				"east": {"uv": [0, 0, 5, 5], "texture": "#0"},
				"south": {"uv": [10, 0, 10, 5], "texture": "#0"},
				"west": {"uv": [5, 0, 10, 5], "texture": "#0"},
				"up": {"uv": [5, 0, 5, -5], "texture": "#0"},
				"down": {"uv": [5, -5, 5, 0], "texture": "#0"}
			}
		}
	],
	"display": {
		"head": {
			"translation": [0, -53.5, 0],
			"scale": [2, 2, 2]
		}
	}
}
