{
  "pools": [
    {
      "rolls": 1,
      "entries": [
        {
          "type": "item",
          "name": "minecraft:elytra",
          "weight": 10
        },
        {
          "type": "item",
          "name": "minecraft:dragon_head",
          "weight": 20
        },
        {
          "type": "item",
          "name": "minecraft:chorus_fruit",
          "weight": 20,
          "functions": [
            {
              "function": "minecraft:set_count",
              "count": 32
            }
          ]
        },
        {
          "type": "item",
          "name": "minecraft:end_stone",
          "weight": 20,
          "functions": [
            {
              "function": "minecraft:set_count",
              "count": 32
            }
          ]
        }
      ]
    },
    {
      "rolls": 1,
      "entries": [
        {
          "type": "item",
          "name": "minecraft:quartz",
          "weight": 15,
          "functions": [
            {
              "function": "minecraft:set_count",
              "count": 64
            }
          ]
        },
        {
          "type": "item",
          "name": "minecraft:nether_wart",
          "weight": 8,
          "functions": [
            {
              "function": "minecraft:set_count",
              "count": 64
            }
          ]
        },
        {
          "type": "item",
          "name": "minecraft:blaze_rod",
          "weight": 10,
          "functions": [
            {
              "function": "minecraft:set_count",
              "count": 32
            }
          ]
        },
        {
          "type": "item",
          "name": "minecraft:ghast_tear",
          "weight": 10,
          "functions": [
            {
              "function": "minecraft:set_count",
              "count": 16
            }
          ]
        },
        {
          "type": "item",
          "name": "minecraft:beacon",
          "weight": 5
        }
      ]
    },
    {
      "rolls": 1,
      "entries": [
        {
          "type": "item",
          "name": "minecraft:spawner",
          "weight": 5
        },
        {
          "type": "item",
          "name": "minecraft:enchanted_golden_apple",
          "weight": 5,
          "functions": [
            {
              "function": "minecraft:set_count",
              "count": 16
            }
          ]
        },
        {
          "type": "item",
          "name": "minecraft:golden_apple",
          "weight": 10,
          "functions": [
            {
              "function": "minecraft:set_count",
              "count": 8
            }
          ]
        },
        {
          "type": "item",
          "name": "minecraft:creeper_head",
          "weight": 15
        },
        {
          "type": "item",
          "name": "minecraft:diamond",
          "weight": 10,
          "functions": [
            {
              "function": "minecraft:set_count",
              "count": 16
            }
          ]
        }
      ]
    }
  ]
}
