{
  "pools": [
    {
      "rolls": {
        "min": 2,
        "max": 3
      },
      "entries": [
        {
          "type": "item",
          "name": "minecraft:gray_shulker_box",
          "weight": 2
        },
        {
          "type": "item",
          "name": "minecraft:diamond_pickaxe",
          "weight": 10,
          "functions": [
            {
              "function": "enchant_randomly"
            }
          ]
        },
        {
          "type": "item",
          "name": "minecraft:stone",
          "weight": 5,
          "functions": [
            {
              "function": "minecraft:set_count",
              "count": {
                "min": 16,
                "max": 32
              }
            }
          ]
        },
        {
          "type": "item",
          "name": "minecraft:torch",
          "weight": 5,
          "functions": [
            {
              "function": "minecraft:set_count",
              "count": {
                "min": 16,
                "max": 32
              }
            }
          ]
        },
        {
          "type": "item",
          "name": "minecraft:diamond_ore",
          "weight": 1,
          "functions": [
            {
              "function": "set_count",
              "count": 32
            }
          ]
        }
      ]
    }
  ]
}
