{
  "pools": [
    {
      "rolls": 1,
      "entries": [
        {
          "type": "item",
          "name": "minecraft:heart_of_the_sea",
          "weight": 10
        },
        {
          "type": "item",
          "name": "minecraft:conduit",
          "weight": 10
        },
        {
          "type": "item",
          "name": "minecraft:trident",
          "weight": 10
        },
        {
          "type": "item",
          "name": "minecraft:trident",
          "weight": 5,
          "functions": [
            {
              "function": "enchant_randomly"
            }
          ]
        }
      ]
    },
    {
      "rolls": {
        "min": 5,
        "max": 8
      },
      "entries": [
        {
          "type": "item",
          "name": "minecraft:horn_coral_block",
          "weight": 10,
          "functions": [
            {
              "function": "minecraft:set_count",
              "count": {
                "min": 1,
                "max": 10
              }
            }
          ]
        },
        {
          "type": "item",
          "name": "minecraft:bubble_coral_block",
          "weight": 10,
          "functions": [
            {
              "function": "minecraft:set_count",
              "count": {
                "min": 1,
                "max": 10
              }
            }
          ]
        },
        {
          "type": "item",
          "name": "minecraft:fire_coral_block",
          "weight": 10,
          "functions": [
            {
              "function": "minecraft:set_count",
              "count": {
                "min": 1,
                "max": 10
              }
            }
          ]
        },
        {
          "type": "item",
          "name": "minecraft:tube_coral_block",
          "weight": 10,
          "functions": [
            {
              "function": "minecraft:set_count",
              "count": {
                "min": 1,
                "max": 10
              }
            }
          ]
        },
        {
          "type": "item",
          "name": "minecraft:brain_coral_block",
          "weight": 10,
          "functions": [
            {
              "function": "minecraft:set_count",
              "count": {
                "min": 1,
                "max": 10
              }
            }
          ]
        },
        {
          "type": "item",
          "name": "minecraft:horn_coral",
          "weight": 10,
          "functions": [
            {
              "function": "minecraft:set_count",
              "count": {
                "min": 1,
                "max": 10
              }
            }
          ]
        },
        {
          "type": "item",
          "name": "minecraft:bubble_coral",
          "weight": 10,
          "functions": [
            {
              "function": "minecraft:set_count",
              "count": {
                "min": 1,
                "max": 10
              }
            }
          ]
        },
        {
          "type": "item",
          "name": "minecraft:fire_coral",
          "weight": 10,
          "functions": [
            {
              "function": "minecraft:set_count",
              "count": {
                "min": 1,
                "max": 10
              }
            }
          ]
        },
        {
          "type": "item",
          "name": "minecraft:tube_coral",
          "weight": 10,
          "functions": [
            {
              "function": "minecraft:set_count",
              "count": {
                "min": 1,
                "max": 10
              }
            }
          ]
        },
        {
          "type": "item",
          "name": "minecraft:brain_coral",
          "weight": 10,
          "functions": [
            {
              "function": "minecraft:set_count",
              "count": {
                "min": 1,
                "max": 10
              }
            }
          ]
        }
      ]
    },
    {
      "rolls": {
        "min": 1,
        "max": 3
      },
      "entries": [
        {
          "type": "item",
          "name": "minecraft:sea_lantern",
          "weight": 5,
          "functions": [
            {
              "function": "minecraft:set_count",
              "count": {
                "min": 4,
                "max": 8
              }
            }
          ]
        },
        {
          "type": "item",
          "name": "minecraft:prismarine",
          "weight": 5,
          "functions": [
            {
              "function": "minecraft:set_count",
              "count": 32
            }
          ]
        },
        {
          "type": "item",
          "name": "minecraft:prismarine_crystals",
          "weight": 5,
          "functions": [
            {
              "function": "set_count",
              "count": {
                "min": 1,
                "max": 5
              }
            }
          ]
        }
      ]
    },
    {
      "rolls": 1,
      "entries": [
        {
          "type": "item",
          "name": "minecraft:map",
          "weight": 5,
          "functions": [
            {
              "function": "minecraft:exploration_map",
              "destination": "buried_treasure",
              "decoration": "red_x",
              "zoom": 1,
              "skip_existing_chunks": false
            }
          ]
        },
        {
          "type": "item",
          "name": "minecraft:nautilus_shell",
          "weight": 1
        }
      ]
    }
  ]
}
