{
    "parent": "item/template_spawn_egg",
	"overrides": [
		{ "predicate": { "custom_model_data": 4014003 }, "model": "bgcd:decoration/coco_mug" },
		{ "predicate": { "custom_model_data": 4014004 }, "model": "bgcd:decoration/mini_tree" },

		{ "predicate": { "custom_model_data": 4014005 }, "model": "bgcd:item/gift" },
		{ "predicate": { "custom_model_data": 4014006 }, "model": "bgcd:item/gift_2" },
		{ "predicate": { "custom_model_data": 4014007 }, "model": "bgcd:item/gift_3" },
		{ "predicate": { "custom_model_data": 4014008 }, "model": "bgcd:item/gift_4" },
		{ "predicate": { "custom_model_data": 4014009 }, "model": "bgcd:item/tree" },
		{ "predicate": { "custom_model_data": 4014010 }, "model": "bgcd:item/tree_deco" },
		{ "predicate": { "custom_model_data": 4014011 }, "model": "bgcd:item/snowman" },
		
		{ "predicate": { "custom_model_data": 4014012 }, "model": "bgcd:item/stocking_green" },
		{ "predicate": { "custom_model_data": 4014013 }, "model": "bgcd:item/stocking_red" },
		{ "predicate": { "custom_model_data": 4014014 }, "model": "bgcd:item/wreath" },
		{ "predicate": { "custom_model_data": 4014015 }, "model": "bgcd:item/garland" },
		{ "predicate": { "custom_model_data": 4014016 }, "model": "bgcd:item/hunting_trophy" },
		{ "predicate": { "custom_model_data": 4014017 }, "model": "bgcd:decoration/candy_cane" },
		{ "predicate": { "custom_model_data": 4014018 }, "model": "bgcd:decoration/celling_garland" },
		{ "predicate": { "custom_model_data": 4014019 }, "model": "bgcd:decoration/candle_wreath" },
		{ "predicate": { "custom_model_data": 4014020 }, "model": "bgcd:decoration/snow_globe" },
		{ "predicate": { "custom_model_data": 4014021 }, "model": "bgcd:item/mistletoe" },
		{ "predicate": { "custom_model_data": 4014022 }, "model": "bgcd:block/workbench" }
	]
}
